query id;[first place doc, cosine similarity to query]
1;[00754 ,0.9990488912950999]
2;[00179,0.9730713811393124]
